"section","category","title","summary","date","date_iso","year","month","url","page"
"insights","Gender equality and women’s empowerment","Anchors of Hope: Women driving recovery and resilience - Syria","In the village of Deir Khabiyeh, located in Syria’s Rural Damascus governorate, Fatima Mohammed, 34 years with quite a heavy burden. The weight of trauma, uncertainty, and poverty is real, but Fatima has refused to give up.","11/06/2025","2025-06-11","2025","6","https://www.fao.org/neareast/news/stories/details/anchors-of-hope--women-driving-recovery-and-resilience-syria/en","1"
"insights","Gender equality and women’s empowerment","Gender Equality, food and nutrition security: What can science and innovation contribute?","Jemimah Njuki - I believe there are four key areas where science and innovation can contribute to the triple win of gender equality, food and nutrition security and the empowerment of women.","04/05/2025","2025-05-04","2025","5","https://www.fao.org/science-technology-and-innovation/blog/detail/sample-blog/2025/05/05/gender-equality--food-and-nutrition-security--what-can-science-and-innovation-contribute/en","1"
"insights","Gender equality and women’s empowerment","Empowering young women in agrifood systems: Insights from the WFF Youth Initiative at CSW69","Held on 19 March at the Liaison Office of the Food and Agriculture Organization of the United Nations (FAO) in New York and streamed online, the event gathered over 300 youth leaders, policymakers and experts to discuss how education and training can empower young women in agrifood systems.","25/03/2025","2025-03-25","2025","3","https://youth.world-food-forum.org/news/detail/empowering-young-women-in-agrifood-systems--insights-from-the-wff-youth-initiative-at-csw69/en","1"
"insights","Gender equality and women’s empowerment","Rural women are the backbone of agrifood systems across Europe and Central Asia","Empowering rural women is central to fulfilling the mission of the Food and Agriculture Organization of the United Nations (FAO) to eradicate hunger and ensure food security globally. Women play critical roles in agrifood systems as farmers, entrepreneurs, and community leaders. However, their...","07/03/2025","2025-03-07","2025","3","https://www.fao.org/europe/news/detail/rural-women-are-the-backbone-of-agrifood-systems-across-europe-and-central-asia/en","1"
"insights","Gender equality and women’s empowerment","Towards a Sustainable Future: Empowering rural women in Saudi Arabia through sustainable rural agriculture","Women have a central role and are at the heart of agrifood systems, driving transformation and advancing economic, environmental, and social progress required for sustainable development. Women’s empowerment is not only beneficial to individuals and but also crucial for the well-being of fa...","17/10/2024","2024-10-17","2024","10","https://www.fao.org/neareast/news/stories/details/towards-a-sustainable-future--empowering-rural-women-in-saudi-arabia-through-sustainable-rural-agriculture/en","1"
"insights","Gender and emergencies and resilience building","The climate crisis is unjust for rural women: FAO gender expert","Rural communities worldwide are grappling with escalating challenges brought on by the climate crisis. As disasters become more frequent and severe, and environmental conditions grow harsher, the burden on these communities intensifies. However, it is women who are bearing the heaviest brunt of these impacts, including significant financial losses.","05/03/2024","2024-03-05","2024","3","https://www.fao.org/newsroom/detail/the-climate-crisis-is-unjust-for-rural-women--fao-gender-expert/en","1"
"insights","Gender in forestry and agroforestry","Connecting the dots in forest monitoring in Paraguay","The fight against deforestation in Paraguay is getting a boost from an unlikely source: cutting-edge technology and data from space, coupled with the expertise of local forest conservationists. In 2019, the Food and Agriculture Organization of the United Nations (FAO) organized a one-wee...","29/05/2023","2023-05-29","2023","5","https://www.fao.org/gender/insights/insights-detail/connecting-the-dots-in-forest-monitoring-in-paraguay/en","1"
"insights","Gender equality and women’s empowerment","FAO and women drivers (of change)","When it appointed its first Chief Scientist two years ago, FAO chose a woman for the position.","07/03/2023","2023-03-07","2023","3","https://www.fao.org/gender/insights/insights-detail/fao-and-women-drivers-(of-change)/en","1"
"insights","Gender in fisheries and aquaculture","Increased fish demand in Gabon offers youth an outlet in aquaculture","Céleste is enthusiastic about playing a greater role in the management of her family’s fish farm.","08/09/2022","2022-09-08","2022","9","https://www.fao.org/newsroom/story/Increased-fish-demand-in-Gabon-offers-youth-an-outlet-in-aquaculture/en","1"
"insights","Gender equality and women’s empowerment","Measuring women’s empowerment to close the gender gap in agriculture","In the past ten years there have been tremendous efforts to develop methodologies and tools to measure women’s empowerment in the context of agriculture in a comprehensive and standardized way.","22/04/2022","2022-04-22","2022","4","https://www.fao.org/gender/insights/insights-detail/Measuring-women-s-empowerment-to-close-the-gender-gap-in-agriculture/en","1"
"insights","Gender equality and women’s empowerment","Applying a metrics to women’s empowerment: experiences in using the Women’s Empowerment in Agriculture Index","Several low- and middle-income countries have demonstrated significant progresses in measuring and promoting women’s empowerment in agriculture.","22/04/2022","2022-04-22","2022","4","https://www.fao.org/gender/insights/insights-detail/Applying-a-metrics-to-women-s-empowerment-experiences-in-using-the-Women-s-Empowerment-in-Agriculture-Index/en","1"
"insights","Gender equality and women’s empowerment","More resilient and transformative ways for women’s empowerment","Held on the sidelines of CSW66, representatives from the UN Rome-based Agencies and UN Women strongly recommitted to implementing interventions to carry out holistic and integrated interventions for rural women.","31/03/2022","2022-03-31","2022","3","https://www.fao.org/gender/insights/insights-detail/More-resilient-and-transformative-ways-for-women-s-empowerment/en","1"
"insights","Gender and inclusive food systems and value chains","‘Let us rebuild the table’: the call for more equitable and gender inclusive climate talks","Panelists spoke openly against systemic practices that perpetuate gender inequalities and youth exclusion in climate dialogue.","25/03/2022","2022-03-25","2022","3","https://www.fao.org/gender/insights/insights-detail/-Let-us-rebuild-the-table-the-call-for-more-equitable-and-gender-inclusive-climate-talks/en","1"
"insights","Gender equality and women’s empowerment","Sustainable tourism for climate resilience and women’s empowerment in SIDS","66th Session of the Commission on the Status of Women (CSW66): Side event by FAO, Mountain Partnership and Slow Food International","22/03/2022","2022-03-22","2022","3","https://www.fao.org/gender/insights/insights-detail/Sustainable-tourism-for-climate-resilience-and-women-s-empowerment-in-SIDS/en","1"
"insights","Gender equality and women’s empowerment","Those who can, teach","Young farmer Ruramiso Mashumba is spearheading change in Zimbabwe.","11/08/2020","2020-08-11","2020","8","https://www.fao.org/africa/news-stories/news-detail/-Those-who-can-teach/en","1"
"insights","Gender equality and women’s empowerment","Rural women celebrate their achievements in Cox’s Bazar","Government officials appreciated FAO’s work in reducing hunger and enhancing the agri-food system by empowering women and closing the gender group.","10/03/2020","2020-03-10","2020","3","https://fao.sitefinity.cloud/emergencies/resources-repository/news/detail/Rural-women-celebrate-their-achievements-in-Cox-s-Bazar/en","1"
"insights","Gender equality and women’s empowerment","RNE staff celebrate International Women’s Day","The Near East and North Africa (NENA) Regional Office celebrated International Women’s Day with its staff on March 8, 2020.","08/03/2020","2020-03-08","2020","3","https://www.fao.org/gender/insights/insights-detail/RNE-staff-celebrate-International-Women-s-Day/en","1"
"insights","Gender equality and women’s empowerment","FAO in Pakistan pledges greater support to realizing women’s rights","FAO sub-offices in Punjab, Khyber Pakhtunkhwa, Balochistan and Sindh provinces also celebrated the day with the staff taking a gender equality pledge and celebrating the day committing to achieving gender equality and the empowerment of all women & girls.","08/03/2020","2020-03-08","2020","3","https://www.fao.org/gender/insights/insights-detail/FAO-in-Pakistan-pledges-greater-support-to-realizing-women-s-rights/en","1"
"insights","Gender equality and women’s empowerment","Rural women and girls: recognizing their role as agents of change","The year 2020 marks the 25th anniversary of the Beijing Declaration and Platform for Action, and represents an unprecedented opportunity to mobilize global action to achieve gender equality and rights of all women and girls.","05/03/2020","2020-03-05","2020","3","https://www.fao.org/gender/insights/insights-detail/Rural-women-and-girls-recognizing-their-role-as-agents-of-change/en","1"
"insights","Gender equality and women’s empowerment","FAO launches Smallholder Support Programme to improve business-oriented agricultural skills for youth and women","The comprehensive programme not only helps close the skills gap, but also plays a key role in extending knowledge to marginalized and disadvantaged populations.","10/01/2020","2020-01-10","2020","1","https://www.fao.org/gender/insights/insights-detail/FAO-launches-Smallholder-Support-Programme-to-improve-business-oriented-agricultural-skills-for-youth-and-women/en","1"
"insights","Gender and innovative and labour-saving technologies","Countering climate change with innovation","One way to tackle climate change’s negative effects on food security is through further researching common food products and finding innovative new ways to use them.","08/10/2019","2019-10-08","2019","10","https://www.fao.org/gender/insights/insights-detail/Countering-climate-change-with-innovation/en","2"
"insights","Gender equality and women’s empowerment","A paradigm shift for conflict-affected rice producers in rural Borno","While rice cultivation thrives, villagers, especially women, earned a living along the rice production value chain, working as parboilers, millers and marketers.","04/10/2019","2019-10-04","2019","10","https://www.fao.org/gender/insights/insights-detail/A-paradigm-shift-for-conflict-affected-rice-producers-in-rural-Borno/en","2"
"insights","Gender and land and water","When growing vegetables is no longer safe","Through already established Water Users’ Associations, the project is also intensifying public awareness campaigns regarding safe water use in agriculture, food processing and preparation.","23/08/2019","2019-08-23","2019","8","https://www.fao.org/gender/insights/insights-detail/When-growing-vegetables-is-no-longer-safe/en","2"
"insights","Gender and food security and nutrition","Belgium supports FAO in assisting female-headed families with children at risk of severe acute malnutrition in Chad","As funding from Belgium will only cover the technical component, the main expected result of the project is that the 250 women organized in ten mothers’ clubs will be able to apply the agricultural techniques learned.","18/07/2019","2019-07-18","2019","7","https://www.fao.org/gender/insights/insights-detail/Belgium-supports-FAO-in-assisting-female-headed-families-with-children-at-risk-of-severe-acute-malnutrition-in-Chad/en","2"
"insights","Gender and food security and nutrition","How FAO is helping communities build resilience and fight malnutrition in South Sudan","Women’s skills in farming as a business have improved, and so has their income, filling the current local production gap and demand for vegetables, which were mainly imported from neighbouring countries before.","03/06/2019","2019-06-03","2019","6","https://www.fao.org/gender/insights/insights-detail/How-FAO-is-helping-communities-build-resilience-and-fight-malnutrition-in-South-Sudan/en","2"
"insights","Gender equality and women’s empowerment","One million cisterns for the Sahel","Ms Mboya Ka, mother of five, who manages the Douli family cistern, explains how her life was before it was established.","28/05/2019","2019-05-28","2019","5","https://www.fao.org/gender/insights/insights-detail/One-million-cisterns-for-the-Sahel/en","2"
"insights","Gender equality and women’s empowerment","Early action helps women in farming communities vulnerable to drought","The EWEA project aims to safeguard the livelihoods of rice farmers by providing them with irrigation systems and climate-resilient farm inputs.","22/05/2019","2019-05-22","2019","5","https://www.fao.org/gender/insights/insights-detail/Early-action-helps-women-in-farming-communities-vulnerable-to-drought/en","2"
"insights","Gender equality and women’s empowerment","New European Union funding targets resilience-building efforts in Yemen","Programme activities will contribute to strengthening women's empowerment and inclusion of women at all stages of implementation considering the social and cultural barriers rural women face in Yemen.","25/03/2019","2019-03-25","2019","3","https://www.fao.org/gender/insights/insights-detail/New-European-Union-funding-targets-resilience-building-efforts-in-Yemen/en","2"
"insights","Gender and innovative and labour-saving technologies","Digital tools for an organic farm","Information and Communication Technologies, like the ones chosen by Suzana, are long seen as drivers of rural development and are accelerating progress towards gender equality.","08/03/2019","2019-03-08","2019","3","https://www.fao.org/newsroom/story/Digital-tools-for-an-organic-farm/en","2"
"insights","Gender equality and women’s empowerment","Training, guidance and policy in support of rural women","Achieving gender equality and empowering women in agriculture is central to the FAO’s mandate.","07/03/2019","2019-03-07","2019","3","https://www.fao.org/gender/insights/insights-detail/Training-guidance-and-policy-in-support-of-rural-women/en","2"
"insights","Gender and food security and nutrition","The Road to the Market - Launch of a national strategy to support rural women in the Syrian Arab Republic through food production","With the right tools, knowledge and inputs, rural women would significantly contribute to their families and the surrounding community’s food security and nutrition.","04/03/2019","2019-03-04","2019","3","https://www.fao.org/gender/insights/insights-detail/The-Road-to-the-Market---Launch-of-a-national-strategy-to-support-rural-women-in-the-Syrian-Arab-Republic-through-food-production/en","2"
"insights","Gender and land and water","Securing land tenure rights for farmers in Sierra Leone","Ministers sit with civil society and businesses to discuss cross-cutting issues on tenure governance.","12/02/2019","2019-02-12","2019","2","https://www.fao.org/gender/insights/insights-detail/Securing-land-tenure-rights-for-farmers-in-Sierra-Leone/en","2"
"insights","Gender-responsive policy making and budgeting","Resuming progress towards Zero Hunger","The FIRST Programme, with a network of policy officers embedded in the relevant ministries, is supporting governments’ efforts to improve food security through sustainable agriculture in over 30 countries, in Latin America and the Caribbean, Sub-Saharan A","28/11/2018","2018-11-28","2018","11","https://www.fao.org/gender/insights/insights-detail/Resuming-progress-towards-Zero-Hunger/en","2"
"insights","Gender and food security and nutrition","Inequality exacerbates hunger, malnutrition and obesity in Latin America and the Caribbean","Obesity has become the greatest nutritional threat in Latin America and the Caribbean. Nearly one in four adults is obese.","07/11/2018","2018-11-07","2018","11","https://www.fao.org/gender/insights/insights-detail/Inequality-exacerbates-hunger-malnutrition-and-obesity-in-Latin-America-and-the-Caribbean/en","2"
"insights","Gender and land and water","New land, new opportunities","FAO provides agricultural training as part of a larger initiative to build the resilience of Syrian refugees and their host communities in Turkey.","28/09/2018","2018-09-28","2018","9","https://www.fao.org/gender/insights/insights-detail/New-land-new-opportunities/en","2"
"insights","Gender-based violence and protection from sexual exploitation and abuse","FAO and UN agencies begin second phase of environmental project for refugees and host communities in Cox's Bazar","The new LPG stoves will allow families to safely cook without needing to gather firewood from depleted forests. They will also improve the safety of women and children, who risk gender-based violence and attacks from animals, when they collect firewood.","18/09/2018","2018-09-18","2018","9","https://www.fao.org/gender/insights/insights-detail/FAO-and-UN-agencies-begin-second-phase-of-environmental-project-for-refugees-and-host-communities-in-Cox's-Bazar/en","2"
"insights","Gender and food security and nutrition","Global hunger continues to rise","The report calls for implementing and scaling up interventions aimed at guaranteeing access to nutritious foods and breaking the intergenerational cycle of malnutrition.","11/09/2018","2018-09-11","2018","9","https://www.fao.org/gender/insights/insights-detail/Global-hunger-continues-to-rise/en","2"
"insights","Gender in fisheries and aquaculture","Why does it matter who has rights to land, fisheries and forests?","Access to land and natural resources can mean the difference between having food and going hungry.","04/09/2018","2018-09-04","2018","9","https://www.fao.org/gender/insights/insights-detail/Why-does-it-matter-who-has-rights-to-land-fisheries-and-forests-/en","2"
"insights","Gender and innovative and labour-saving technologies","Digital innovations are bringing youth back to agriculture","How digital apps and services are boosting rural employment.","20/08/2018","2018-08-20","2018","8","https://www.fao.org/gender/insights/insights-detail/Digital-innovations-are-bringing-youth-back-to-agriculture/en","2"
"insights","Gender equality and women’s empowerment","Protecting the right to a childhood","More than 150 million boys and girls around the world lose their childhoods to child labour. 108 million of them are working in agriculture.","04/07/2018","2018-07-04","2018","7","https://www.fao.org/gender/insights/insights-detail/Protecting-the-right-to-a-childhood/en","2"
"insights","Gender equality and women’s empowerment","7 success factors to empowering rural women through ICTs","The digital revolution has changed the way we work, access information and connect with each other. It offers opportunities to those who can use the new technologies, but also presents new challenges for those who are left behind.","09/03/2018","2018-03-09","2018","3","https://www.fao.org/gender/insights/insights-detail/7-success-factors-to-empowering-rural-women-through-ICTs/en","3"
"insights","Gender equality and women’s empowerment","Empowering rural women through gender-sensitive social protection: webinar on experiences in Africa and Latin America","A recent webinar, organized by FAO’s Social Protection Team, discusses the importance of gender-sensitive social protection (GSSP) and key dimensions of the GSSP approach, as well as specific lessons learned from FAO’s work in Africa and Latin America.","05/03/2018","2018-03-05","2018","3","https://www.fao.org/gender/insights/insights-detail/Empowering-rural-women-through-gender-sensitive-social-protection-webinar-on-experiences-in-Africa-and-Latin-America/en","3"
"insights","Gender equality and women’s empowerment","A female leader under the Cuban sun in La Juventud","In 2017, Lesvia became the Cuban face of the regional communication campaign Rural women, women with rights, promoted by FAO to give an account of the fundamental role that women play in sustainable rural development.","18/01/2018","2018-01-18","2018","1","https://www.fao.org/gender/insights/insights-detail/A-female-leader-under-the-Cuban-sun-in-La-Juventud/en","3"
"insights","Gender equality and women’s empowerment","Women scientists aboard the Nansen: Meet Hinde Abdelouahab","One of a series of interviews with the women scientists aboard the R/V Dr. Fridtjof Nansen, the marine research vessel at the heart of the EAF-Nansen programme.","12/07/2017","2017-07-12","2017","7","https://www.fao.org/gender/insights/insights-detail/Women-scientists-aboard-the-Nansen-Meet-Hinde-Abdelouahab/en","3"
"insights","Gender equality and women’s empowerment","Turning the tide: the story of Joyce's fish farm","Joyce Makaka owns a fish farm in Kakamega County, in western Kenya. Today, her business is thriving, and employs a team of workers. Yet Joyce remembers when things were not as easy, and she had to struggle to keep her fish farm afloat.","10/07/2017","2017-07-10","2017","7","https://www.fao.org/gender/insights/insights-detail/Turning-the-tide-the-story-of-Joyce's-fish-farm/en","3"
"insights","Gender equality and women’s empowerment","Target Zero Hunger Podcast: Spotlight on FAO Dimitra Clubs in Niger","In communities throughout Niger, a quiet revolution is underway.","12/04/2017","2017-04-12","2017","4","https://www.fao.org/gender/insights/insights-detail/Target-Zero-Hunger-Podcast-Spotlight-on-FAO-Dimitra-Clubs-in-Niger/en","3"
"insights","Gender equality and women’s empowerment","No assistance is too small: the story of Haja Sundu Marrah, a woman vegetable farmer in Sierra Leone","She was just 17 when her parents forced her to become a housewife. Her husband already had two wives and children, as well as an extended family of relatives, dependents and apprentices.","20/03/2017","2017-03-20","2017","3","https://www.fao.org/gender/insights/insights-detail/No-assistance-is-too-small-the-story-of-Haja-Sundu-Marrah-a-woman-vegetable-farmer-in-Sierra-Leone/en","3"
"insights","Gender equality and women’s empowerment","Rural women in Europe and Central Asia: an interview with FAO's Cristina Amaral","Cristina Amaral, Deputy Regional Representative for FAO in Europe and Central Asia, discusses the importance of women's rights and gender issues in the context of FAO's work in the region.","17/03/2017","2017-03-17","2017","3","https://www.fao.org/gender/insights/insights-detail/Rural-women-in-Europe-and-Central-Asia-an-interview-with-FAO's-Cristina-Amaral/en","3"
"insights","Gender and climate change, agroecology and biodiversity","Women farmers and resilience in the face of climate change","8th March is International Women’s day and this year’s theme is “Women in the Changing World of Work: Planet 50-50 by 2030”. In 2017 we are far from living on ‘planet 50-50’ with women holding less than 20% of the land in all the main developing regions o","08/03/2017","2017-03-08","2017","3","https://www.fao.org/gender/insights/insights-detail/Women-farmers-and-resilience-in-the-face-of-climate-change/en","3"
"insights","Gender and plant production and protection","Seedlings of hope: a coffee nursery in rural Uganda","From clothing trader to coffee entrepreneur: Betty Ndugga has found a way to make a good living from agriculture, while also helping her community to prosper.","08/03/2017","2017-03-08","2017","3","https://www.fao.org/gender/insights/insights-detail/Seedlings-of-hope-a-coffee-nursery-in-rural-Uganda/en","3"
"insights","Gender equality and women’s empowerment","FTT-Thiaroye Ovens: Clearing the air for women fish processors in Côte d'Ivoire, and beyond","A simple and relatively inexpensive technology is revolutionizing the way West Africans smoke their fish.","08/12/2016","2016-12-08","2016","12","https://www.fao.org/gender/insights/insights-detail/FTT-Thiaroye-Ovens-Clearing-the-air-for-women-fish-processors-in-Côte-d'Ivoire-and-beyond/en","3"
"insights","Gender equality and women’s empowerment","The female face of street food vending in Ghana","Nanama is one of around 10 000 street food vendors in the city of Accra, Ghana, most of whom are women. Indeed, the face of street food vending is female in much of Africa.","30/11/2016","2016-11-30","2016","11","https://www.fao.org/gender/insights/insights-detail/The-female-face-of-street-food-vending-in-Ghana/en","3"
"insights","Gender equality and women’s empowerment","Empowering rural leaders: a leadership school for indigenous women","“It’s time for us indigenous women to break our silence. It’s time for us to speak up.”","22/11/2016","2016-11-22","2016","11","https://www.fao.org/gender/insights/insights-detail/Empowering-rural-leaders-a-leadership-school-for-indigenous-women/en","3"
"insights","Gender equality and women’s empowerment","Empowering rural women in Guatemala: “We are improving our family life.”","Herlinda Caal Tzi is a 48-year-old Q’eqchi’ woman from rural Guatemala. She lives in the village of Panzós, in the country’s Alta Verapaz department, with her husband Tomás Cac, their three sons and two daughters-in-law.","21/10/2016","2016-10-21","2016","10","https://www.fao.org/gender/insights/insights-detail/Empowering-rural-women-in-Guatemala-We-are-improving-our-family-life-/en","3"
"insights","Gender equality and women’s empowerment","Reaping the rewards of their labour: economic empowerment for women farmers in Nepal","Chandra Kala Thapa is a thirty-year-old smallholder farmer living in Ranichauri, a village in the Sindhuli District of south-eastern Nepal. Like many women farmers here and in other parts of the developing world, she has faced a number of barriers to impr","20/10/2016","2016-10-20","2016","10","https://www.fao.org/gender/insights/insights-detail/Reaping-the-rewards-of-their-labour-economic-empowerment-for-women-farmers-in-Nepal/en","3"
"insights","Gender equality and women’s empowerment","Snapshot Liberia: “Saving my money for the future.”","“I could not write my name. I did not understand how to do my business. I only did the business and was not saving any money.”","19/10/2016","2016-10-19","2016","10","https://www.fao.org/gender/insights/insights-detail/Snapshot-Liberia-Saving-my-money-for-the-future-/en","3"
"insights","Gender equality and women’s empowerment","Snapshot Liberia: “I now understand my business...”","“As a market woman, I never understood my business. But I now understand my business because I learnt about the importance of saving money.”","18/10/2016","2016-10-18","2016","10","https://www.fao.org/gender/insights/insights-detail/Snapshot-Liberia-I-now-understand-my-business-/en","3"
"insights","Gender and rural advisory services","Snapshot Liberia: “I am capable of making an informed decision...”","“Before the training, I was unable to manage money. I spent carelessly and did not even recognize that there is a future.”","17/10/2016","2016-10-17","2016","10","https://www.fao.org/gender/insights/insights-detail/Snapshot-Liberia-I-am-capable-of-making-an-informed-decision-/en","3"
"insights","Gender and climate change, agroecology and biodiversity","An experiment in land rehabilitation: the catalytic effect of Dimitra Clubs in Niger","Idrissa and his wife Ramatou live in the village of Tinkirana, in the Tahoua region of Niger. Like most of the men and women of their community and others across sub-Saharan Africa, they struggle with the effects of climate change on a daily basis.","12/10/2016","2016-10-12","2016","10","https://www.fao.org/gender/insights/insights-detail/An-experiment-in-land-rehabilitation-the-catalytic-effect-of-Dimitra-Clubs-in-Niger/en","3"
"insights","Gender equality and women’s empowerment","Shared labour, shared rewards: men and women farming together in Sri Lanka","“I am confident that this groundnut cultivation will help educate my children and earn a substantial income for my family” says Nelka Kumari Ariyasena.","01/09/2016","2016-09-01","2016","9","https://www.fao.org/gender/insights/insights-detail/Shared-labour-shared-rewards-men-and-women-farming-together-in-Sri-Lanka/en","3"
"insights","Gender and livestock","Lightening the load: addressing rural women’s work burden and time poverty","The division of labour in agriculture often follows traditional patterns. Across a variety of sectors, from smallholder farmers to pastoralists and from forest keepers to fishers, men and women usually have very different—though complementary—roles, with","12/07/2016","2016-07-12","2016","7","https://www.fao.org/gender/insights/insights-detail/Lightening-the-load-addressing-rural-women-s-work-burden-and-time-poverty/en","4"
"insights","Gender equality and women’s empowerment","Building leadership: the rural women of FAO-Dimitra","Since 2006, Dimitra Clubs have played a crucial role in strengthening rural communities in sub-Saharan Africa, with a special focus on women’s empowerment.","30/05/2016","2016-05-30","2016","5","https://www.fao.org/gender/insights/insights-detail/Building-leadership-the-rural-women-of-FAO-Dimitra/en","4"
"insights","Gender equality and women’s empowerment","In Bangladesh: three women, three farmers, three tales of success","Across the developing world, rural women play a crucial role in agriculture and farming. And Bangladesh, where women exceed 50 percent of the agricultural labour force, is no exception.","11/05/2016","2016-05-11","2016","5","https://www.fao.org/gender/insights/insights-detail/In-Bangladesh-three-women-three-farmers-three-tales-of-success/en","4"
"insights","Gender equality and women’s empowerment","Gender Equality for a Zero-Hunger Generation","An interview with Tacko Ndiaye, Senior Gender Officer in the Gender Equity and Rural Development Division at FAO, on the Zero Hunger Challenge Blog.","10/03/2016","2016-03-10","2016","3","https://www.fao.org/gender/insights/insights-detail/Gender-Equality-for-a-Zero-Hunger-Generation/en","4"
"insights","Gender in fisheries and aquaculture","On International Women’s Day, recognizing women’s role in fisheries","The Blue Growth Blog, run by the Fisheries and Aquaculture Department at FAO, reflects on recent activities related to women and their role in the sector.","08/03/2016","2016-03-08","2016","3","https://www.fao.org/gender/insights/insights-detail/On-International-Women-s-Day-recognizing-women-s-role-in-fisheries/en","4"
"insights","Gender equality and women’s empowerment","In rural Guatemala, an indigenous woman gets to learn—and lead","Zoila Esperanza Morán never learned how to read or write. As the eldest girl in a family of two sisters and a brother, she never had a chance to go to school. “Education is not important for women,” her mother would say. And so Zoila spent her childhood h","07/03/2016","2016-03-07","2016","3","https://www.fao.org/gender/insights/insights-detail/In-rural-Guatemala-an-indigenous-woman-gets-to-learn-and-lead/en","4"
"insights","Gender equality and women’s empowerment","Flowers in Kyrgyzstan: a beautiful business","Mahabat Botasheva is the enthusiastic leader of a group of five women in the village of Blagoveshenka in Jalal-Abad province, Kyrgyzstan. Last year, the women started a business in potted flowers. This is the story of how it took root, and how it’s growin","07/03/2016","2016-03-07","2016","3","https://www.fao.org/gender/insights/insights-detail/Flowers-in-Kyrgyzstan-a-beautiful-business/en","4"
"insights","Gender equality and women’s empowerment","Empowering Liberian market women","Across Liberia’s Montserrado County, a special programme is enabling market women to take their businesses — and their lives — to the next level.","07/03/2016","2016-03-07","2016","3","https://www.fao.org/gender/insights/insights-detail/Empowering-Liberian-market-women/en","4"
"insights","Gender in fisheries and aquaculture","Gender equality in land governance: new e-learning course supports implementation of Voluntary Guidelines","A new e-learning course from the Food and Agriculture Organization (FAO) provides specific guidance for ensuring that the Voluntary Guidelines on the Responsible Governance of Tenure of Land, Fisheries and Forests in the Context of National Food Security","08/10/2015","2015-10-08","2015","10","https://www.fao.org/gender/insights/insights-detail/Gender-equality-in-land-governance-new-e-learning-course-supports-implementation-of-Voluntary-Guidelines/en","4"
"insights","Gender equality and women’s empowerment","Guatemala's Ministry of Agriculture approves first-ever Policy on Gender Equality","For the first time in its history, Guatemala's Ministry of Agriculture, Livestock and Food has a comprehensive Policy on Gender Equality.","19/06/2015","2015-06-19","2015","6","https://www.fao.org/gender/insights/insights-detail/Guatemala's-Ministry-of-Agriculture-approves-first-ever-Policy-on-Gender-Equality/en","4"
"insights","Gender and livestock","How a global campaign to eradicate sheep and goat plague can help 400 million rural women","In April, high-level authorities from 15 countries pledged to collaborate on a global plan to wipe out 'Peste des petits ruminants' (PPR), a deadly viral disease of sheep and goats that affects the livelihoods of smallholders and pastoralists in over 70 c","13/05/2015","2015-05-13","2015","5","https://www.fao.org/gender/insights/insights-detail/How-a-global-campaign-to-eradicate-sheep-and-goat-plague-can-help-400-million-rural-women/en","4"
"insights","Gender and land and water","The new Gender and Land Rights Database: a hub of information on gender-equitable land tenure","This week, FAO unveiled the new and improved Gender and Land Rights Database (GLRD). Consisting of three main sections – country profiles, gender and land-related statistics, and the all-new Legislation Assessment Tool – the site aims to serve as a hub of","05/03/2015","2015-03-05","2015","3","https://www.fao.org/gender/insights/insights-detail/The-new-Gender-and-Land-Rights-Database-a-hub-of-information-on-gender-equitable-land-tenure/en","4"
"insights","Gender equality and women’s empowerment","Fighting food loss with flowers: hibiscus jams and juices in the Gambia","Working with women's associations in the Gambia to establish a modern, competitive, and commercially vibrant food processing sector.","04/03/2015","2015-03-04","2015","3","https://www.fao.org/gender/insights/insights-detail/Fighting-food-loss-with-flowers-hibiscus-jams-and-juices-in-the-Gambia/en","4"
"insights","Gender equality and women’s empowerment","Of ponds and plates – and much more","Salma Yasmine lives with her family in a village in the Khulna Division of southwestern Bangladesh. When she first came here nine years ago she had nothing. Like many in the country, where almost a third of the population lives below the poverty line, he","03/03/2015","2015-03-03","2015","3","https://www.fao.org/gender/insights/insights-detail/Of-ponds-and-plates-and-much-more/en","4"
"insights","Gender and food security and nutrition","From plot to plate – a ‘kitchen garden’ story","Research suggests that kitchen gardens can supply up to half of all non-staple food needs, as well as a significant number of vitamins and minerals. This makes them an invaluable tool for food security in vulnerable communities.","09/02/2015","2015-02-09","2015","2","https://www.fao.org/gender/insights/insights-detail/From-plot-to-plate-a-kitchen-garden-story/en","4"
"insights","Gender and food security and nutrition","Mothers and children hold the key to better global nutrition","In the past 20 years, malnutrition in mothers and children has decreased by almost half. But despite this progress, child undernutrition is still the greatest nutrition-related health burden in the world.","06/02/2015","2015-02-06","2015","2","https://www.fao.org/gender/insights/insights-detail/Mothers-and-children-hold-the-key-to-better-global-nutrition/en","4"
"insights","Gender equality and women’s empowerment","Gender in Food and Nutrition Security: putting gender equality at the centre of agricultural development","FAO's new e-learning course aims to strengthen capacity in member countries for designing, developing, implementing and evaluating truly gender-responsive policies, programmes and projects in food and nutrition security.","23/10/2014","2014-10-23","2014","10","https://www.fao.org/gender/insights/insights-detail/Gender-in-Food-and-Nutrition-Security-putting-gender-equality-at-the-centre-of-agricultural-development/en","4"
"insights","Gender equality and women’s empowerment","Getting a century of land: it takes (more than) a village","Ninety-nine years of secure access to good-quality land. To a rural women's group in Banizoumbou, Niger, this isn't just a fairy-tale. It represents the kind of happy ending you can have when everyone in and around a rural community – from the village chi","13/10/2014","2014-10-13","2014","10","https://www.fao.org/gender/insights/insights-detail/Getting-a-century-of-land-it-takes-(more-than)-a-village/en","4"
"insights","Gender equality and women’s empowerment","International Women’s Day: Closing the gender gap in agriculture","Empowering women is essential to achieving a world without hunger. This is the message highlighted by the Rome-based UN agencies and partners during this year’s commemoration of International Women’s Day.","23/04/2014","2014-04-23","2014","4","https://www.fao.org/gender/insights/insights-detail/International-Women-s-Day-Closing-the-gender-gap-in-agriculture/en","4"
"insights","Gender equality and women’s empowerment","A Forum for sharing: Dimitra community listeners’ clubs in DRC come together","The phrase “unity gives joy” sums up the first Dimitra Community Listeners’ Clubs Forum for the Tshopo District, held in the town of Isangi, in the Orientale Province of the Democratic Republic of Congo (DRC). The Forum, held from 9–10 August 2013, brough","04/02/2014","2014-02-04","2014","2","https://www.fao.org/gender/insights/insights-detail/A-Forum-for-sharing-Dimitra-community-listeners-clubs-in-DRC-come-together/en","4"
"insights","Gender equality and women’s empowerment","How to bolster the rights and potential of rural women in agriculture","Though progress has been made in promoting and protecting women’s rights, women and girls continue to face discrimination in many facets of their lives. In agriculture, for example, discrimination causes female farmers to have less access than their male","08/10/2013","2013-10-08","2013","10","https://www.fao.org/gender/insights/insights-detail/How-to-bolster-the-rights-and-potential-of-rural-women-in-agriculture/en","5"
"insights","Gender equality and women’s empowerment","Women and men in family farming – recognizing their contributions and challenges","Family farming and smallholder farming are an important basis for sustainable food production throughout the world. While family farms tend to be highly efficient in terms of agricultural productivity per unit of land, those that produce on a small or med","30/08/2013","2013-08-30","2013","8","https://www.fao.org/gender/insights/insights-detail/Women-and-men-in-family-farming-recognizing-their-contributions-and-challenges/en","5"
"insights","Gender in fisheries and aquaculture","Ending child labour for girls and boys in the fisheries sector","More than 129 million child labourers in the world work in the agriculture sector, which includes fisheries, aquaculture, forestry and livestock. These girls and boys, between the ages of 5 and 17, are performing work that interferes with their education","31/07/2013","2013-07-31","2013","7","https://www.fao.org/gender/insights/insights-detail/Ending-child-labour-for-girls-and-boys-in-the-fisheries-sector/en","5"
"insights","Gender and investment in sustainable agrifood systems","Agricultural investments can raise women’s income and improve lives","Land-related investments in agriculture can greatly impact rural people’s lives. One of the main conclusions drawn from four FAO studies is that women’s livelihoods were improved when private investors took measures to increase women’s participation in ag","17/07/2013","2013-07-17","2013","7","https://www.fao.org/gender/insights/insights-detail/Agricultural-investments-can-raise-women-s-income-and-improve-lives/en","5"
"insights","Gender equality and women’s empowerment","Passport to involve women more in water programmes","Securing water is critical to achieve food security and improve rural livelihoods, especially for the women and men living in arid and semi-arid areas. But accessing this scarce resource can be difficult for those engaged in rural agriculture, women in pa","12/07/2013","2013-07-12","2013","7","https://www.fao.org/gender/insights/insights-detail/Passport-to-involve-women-more-in-water-programmes/en","5"
"insights","Gender equality and women’s empowerment","Women’s empowerment is key to fortifying the forestry sector","Compared to men, women are frequently disadvantaged in their access to and control over forest resources and in their ability to take advantage of economic opportunities, according to an FAO paper that calls for action on gender disparities in the forestr","21/05/2013","2013-05-21","2013","5","https://www.fao.org/gender/insights/insights-detail/Women-s-empowerment-is-key-to-fortifying-the-forestry-sector/en","5"
"insights","Gender and food security and nutrition","Food security and gender, cornerstones to the Post-2015 agenda","Government leaders and world food experts called for a ‘global goal on food and nutrition security’ in the Post-2015 development agenda during a high-level consultation on Hunger, Food Security and Nutrition in Madrid, Spain, on 4 April 2013. Handing thei","17/04/2013","2013-04-17","2013","4","https://www.fao.org/gender/insights/insights-detail/Food-security-and-gender-cornerstones-to-the-Post-2015-agenda/en","5"
"insights","Gender equality and women’s empowerment","International Women’s Day 2013: Women, Violence and Food Security","This year, leaders of the Rome-based agencies (FAO, WFP and IFAD), as well as IDLO, in partnership with the Government of Iceland, met at WFP headquarters to mark International Women’s Day with an event that focused on the connection between women, violen","18/03/2013","2013-03-18","2013","3","https://www.fao.org/gender/insights/insights-detail/International-Women-s-Day-2013-Women-Violence-and-Food-Security/en","5"
"insights","Gender equality and women’s empowerment","Cooperatives: Empowering women farmers, improving food security","Rural cooperatives and farmers’ organizations play a crucial role in the eradication of hunger and poverty. One of the ways they achieve this is through their vocation to empower small agricultural producers, and in particular women farmers.","15/11/2012","2012-11-15","2012","11","https://www.fao.org/gender/insights/insights-detail/Cooperatives-Empowering-women-farmers-improving-food-security/en","5"
"insights","Gender and emergencies and resilience building","Addressing HIV in emergencies","On the heels of the 2012 International AIDS Conference, which took place from July 22-27 in Washington DC, we sat down with Karine Garnier, FAO’s Nairobi-based regional emergency officer for gender and HIV.","27/07/2012","2012-07-27","2012","7","https://www.fao.org/gender/insights/insights-detail/Addressing-HIV-in-emergencies/en","5"
"insights","Gender equality and women’s empowerment","Voluntary guidelines on land: A milestone in the movement for gender equality","Granting secure land rights to vulnerable farmers enables them to pursue income-earning activities, access credit, increase agricultural production and raise their overall living conditions. These key factors help to strengthen men and women’s bargaining","12/07/2012","2012-07-12","2012","7","https://www.fao.org/gender/insights/insights-detail/Voluntary-guidelines-on-land-A-milestone-in-the-movement-for-gender-equality-/en","5"
"insights","Gender equality and women’s empowerment","Increasing the visibility of rural women and their contribution to food security","At a time when governments are designing strategies and making crucial decisions to restore long-term, inclusive economic growth, it is essential to raise the profile of rural women and to sensitize both governments and the wider public on the contributio","14/06/2012","2012-06-14","2012","6","https://www.fao.org/gender/insights/insights-detail/Increasing-the-visibility-of-rural-women-and-their-contribution-to-food-security/en","5"
"insights","Gender equality and women’s empowerment","Rural women’s empowerment: A long road ahead","Advancing rural women’s economic empowerment and access to decent rural employment, supporting associations in giving them a stronger voice in decision-making, and fostering their better access to land are three priority areas in enabling rural women to r","27/03/2012","2012-03-27","2012","3","https://www.fao.org/gender/insights/insights-detail/Rural-women-s-empowerment-A-long-road-ahead/en","5"
"insights","Gender and climate change, agroecology and biodiversity","Launch of the Gender & Climate Training Guide: Better research for better programmes and policies","As the agricultural sector races to adapt to climate change, awareness is growing that gender issues are at the heart of climate-smart agriculture and food security. A Training Guide on Gender and Climate Change Research was recently launched to support t","21/03/2012","2012-03-21","2012","3","https://www.fao.org/gender/insights/insights-detail/Launch-of-the-Gender-Climate-Training-Guide-Better-research-for-better-programmes-and-policies/en","5"
"insights","Gender equality and women’s empowerment","What rural women can do","Rural women are active economic agents who could unleash major advancements in hunger and poverty eradication if they were able to participate equally with men in the agricultural economy.","20/03/2012","2012-03-20","2012","3","https://www.fao.org/gender/insights/insights-detail/What-rural-women-can-do/en","5"
"insights","Gender and innovative and labour-saving technologies","Rural institutions, tools for social and economic progress","FAO-IFAD publication shares success stories of small producers.","05/03/2012","2012-03-05","2012","3","https://www.fao.org/gender/insights/insights-detail/Rural-institutions-tools-for-social-and-economic-progress/en","5"
"insights","Gender equality and women’s empowerment","Rural women speak out about food insecurity","Today’s global food insecurity destabilizes rural communities all over the world, impeding their access to food and affecting their ability to earn a livelihood. In partnership with the Huairou Commission and WOCAN, FAO held a series of twenty one consult","13/02/2012","2012-02-13","2012","2","https://www.fao.org/gender/insights/insights-detail/Rural-women-speak-out-about-food-insecurity/en","5"
"insights","Gender equality and women’s empowerment","Supporting rural women to cope with high food prices","Poor rural households in developing countries were the hardest hit by the 2006-2008 food crisis, with women at a particular disadvantage because of their lack of access to resources like credit, land, technologies and infrastructure. The crisis has drawn","14/10/2011","2011-10-14","2011","10","https://www.fao.org/gender/insights/insights-detail/Supporting-rural-women-to-cope-with-high-food-prices/en","5"
"insights","Gender equality and women’s empowerment","Women at the forefront of global food security discussions","Women have a special role to play in ensuring the food security of their families, said FAO’s Director-General Elect José Graziano da Silva at a panel discussion hosted by US Secretary of State Hillary Clinton.","19/09/2011","2011-09-19","2011","9","https://www.fao.org/gender/insights/insights-detail/Women-at-the-forefront-of-global-food-security-discussions/en","5"
"insights","Gender equality and women’s empowerment","A successful approach to gender inclusion in communication for development","Dimitra and its partner in Niger, ONG VIE Kande ni Bayra created the “listener’s clubs” project in 2009 to give rural men and women better access to information and means of communication. ONG VIE Coordinator Ali Abdoulaye explains the reasons for the pro","02/05/2011","2011-05-02","2011","5","https://www.fao.org/gender/insights/insights-detail/A-successful-approach-to-gender-inclusion-in-communication-for-development-/en","5"
"insights","Gender equality and women’s empowerment","The business case for closing the gender gap in agriculture","The findings of FAO’s recently launched State of Food and Agriculture report 2010-11 (SOFA): “Women in Agriculture: Closing the gender gap for development,” were the focus of a high-level roundtable debate organized by the three Rome-based UN agencies - F","16/03/2011","2011-03-16","2011","3","https://www.fao.org/gender/insights/insights-detail/The-business-case-for-closing-the-gender-gap-in-agriculture/en","6"
"insights","Gender equality and women’s empowerment","Science and technology offers great opportunities for rural women’s empowerment","As the 55th session of the UN Commission on the Status of Women (CSW) unfolds in New York, FAO urges world leaders to ensure that rural women are fully included in the design, testing and use of agricultural technologies and innovations.","28/02/2011","2011-02-28","2011","2","https://www.fao.org/gender/insights/insights-detail/Science-and-technology-offers-great-opportunities-for-rural-women-s-empowerment-/en","6"
"insights","Gender and decent rural employment and child labour","Decent employment: pathway out of poverty","Access to decent employment is one of the most effective ways for rural people to lift themselves out of poverty. This article presents a number of facts taken from the new UN interagency report: ""Gender dimensions of agricultural and rural employment: Di","07/02/2011","2011-02-07","2011","2","https://www.fao.org/gender/insights/insights-detail/Decent-employment-pathway-out-of-poverty/en","6"
"insights","Gender equality and women’s empowerment","Investing in rural women contributes to food security","Women in agriculture play a vital role as agents of food security and rural economic growth, but often endure poor working conditions and receive limited recognition for their contributions. The International Day of Rural Women takes place each year on Oc","15/10/2010","2010-10-15","2010","10","https://www.fao.org/gender/insights/insights-detail/Investing-in-rural-women-contributes-to-food-security/en","6"
"insights","Gender in forestry and agroforestry","Cooperatives for better livelihoods and food security","Producers’ cooperatives help rural women in farming, fishing and forestry meet the special challenges they face, including gender inequalities.","02/07/2010","2010-07-02","2010","7","https://www.fao.org/gender/insights/insights-detail/Cooperatives-for-better-livelihoods-and-food-security/en","6"
"insights","Gender and land and water","Supporting Asia-Pacific agriculture with better data","Access to agricultural land emerged as the number-one source of gender inequality in national gender profiles compiled for the first time ever in Cambodia, Lao People’s Democratic Republic and Vietnam.","25/06/2010","2010-06-25","2010","6","https://www.fao.org/gender/insights/insights-detail/Supporting-Asia-Pacific-agriculture-with-better-data/en","6"
"insights","Gender equality and women’s empowerment","Ghana: Striving for sustainable agriculture without child labour","Improving social and economic conditions for rural people is one of the keys to tackling child labour. So is reducing the exploitation of girls and boys in agriculture. An FAO study in Ghana looks at the issue.","18/05/2010","2010-05-18","2010","5","https://www.fao.org/gender/insights/insights-detail/Ghana-Striving-for-sustainable-agriculture-without-child-labour-/en","6"
"insights","Gender equality and women’s empowerment","Protecting the property rights of women and children in Mozambique","Evictions, confiscation of property and discrimination are among the experiences increasingly reported by widows and orphans in Mozambique. An FAO-commissioned report offers recommendations to secure women’s and children’s rights to property and inheritan","15/04/2010","2010-04-15","2010","4","https://www.fao.org/gender/insights/insights-detail/Protecting-the-property-rights-of-women-and-children-in-Mozambique-/en","6"
"insights","Gender and rural financial services","Investing in rural women for food security","Chicken-raising collectives, water-harvesting systems and community-based savings and credit schemes are some of the strategies that women’s groups have used to boost food production and incomes, showing themselves to be indispensable in the fight against","10/03/2010","2010-03-10","2010","3","https://www.fao.org/gender/insights/insights-detail/Investing-in-rural-women-for-food-security/en","6"
"insights","Gender equality and women’s empowerment","New FAO database eyes gender gap in land rights","A new database launched by FAO puts the spotlight on one of the major stumbling blocks to rural development – widespread inequalities between men and women in their access to land.","16/02/2010","2010-02-16","2010","2","https://www.fao.org/gender/insights/insights-detail/New-FAO-database-eyes-gender-gap-in-land-rights/en","6"
"insights","Gender equality and women’s empowerment","Food security in times of crisis: rural women speak out","Hundreds of rural women in Africa, Asia and Latin America took part recently in grassroots consultations on food insecurity and its impacts. A selection of viewpoints...","15/12/2009","2009-12-15","2009","12","https://www.fao.org/gender/insights/insights-detail/Food-security-in-times-of-crisis-rural-women-speak-out/en","6"
"insights","Gender and food security and nutrition","Food security risks of liquid biofuel production","The complex interrelationship between bioenergy and food security, and the challenges posed by the growing demand for food and fuel in an increasingly carbon-constrained world","23/11/2009","2009-11-23","2009","11","https://www.fao.org/gender/insights/insights-detail/Food-security-risks-of-liquid-biofuel-production/en","6"
"insights","Gender equality and women’s empowerment","What are ""women's crops"", and why?","Farming women may grow lower-value subsistence crops not because they prefer to, but because they cannot access the resources that would permit them to do otherwise","12/11/2009","2009-11-12","2009","11","https://www.fao.org/gender/insights/insights-detail/What-are-women's-crops-and-why-/en","6"
"insights","Gender equality and women’s empowerment","Rural employment, gender and poverty","Poverty often pushes women into off-farm employment, which can make a critical difference in the poverty status of their households. How much a woman benefits depends on how her new income is distributed","11/11/2009","2009-11-11","2009","11","https://www.fao.org/gender/insights/insights-detail/Rural-employment-gender-and-poverty/en","6"
"insights","Gender equality and women’s empowerment","Gender impacts of globalizing agriculture","For small scale farmers, the benefits of agricultural commercialization can carry ""significant economic and social costs""","10/11/2009","2009-11-10","2009","11","https://www.fao.org/gender/insights/insights-detail/Gender-impacts-of-globalizing-agriculture/en","6"
"insights","Gender equality and women’s empowerment","Land rights in Africa: Revisiting customary institutions","In order to support women's struggles for equality, new land legislation in Africa has to include explicit and mandatory mechanisms of inclusion","09/11/2009","2009-11-09","2009","11","https://www.fao.org/gender/insights/insights-detail/Land-rights-in-Africa-Revisiting-customary-institutions/en","6"
